{
    "startup_ms_p50": 2.5,
    "config": {
        "N_INDEX": 5,
        "N_QUERY": 25,
        "WARM": 3
    },
    "results": [
        {
            "corpus": "fd",
            "lang": "Rust",
            "loc": 6813,
            "files_tokei": 23,
            "index_files": 23,
            "symbols": 559,
            "index_wall_s": {
                "median": 0.19,
                "min": 0.18,
                "max": 0.19
            },
            "peak_rss_mb": 47.9,
            "index_size_mb": 0.16,
            "throughput_loc_per_s": 35857,
            "throughput_files_per_s": 121,
            "tools_ms": {
                "overview": {
                    "p50": 0.545416958630085,
                    "p90": 0.6786496378481388,
                    "p95": 0.6804834119975567,
                    "min": 0.5018748342990875,
                    "resp_chars": 20688
                },
                "search": {
                    "p50": 1.459083054214716,
                    "p90": 1.5336502343416214,
                    "p95": 1.5603834763169289,
                    "min": 1.2531247921288013,
                    "resp_chars": 654
                },
                "read": {
                    "p50": 0.07837498560547829,
                    "p90": 0.0874578021466732,
                    "p95": 0.10419161990284921,
                    "min": 0.06966665387153625,
                    "resp_chars": 3802
                },
                "find": {
                    "p50": 0.4391246475279331,
                    "p90": 0.48310840502381325,
                    "p95": 0.4880084656178951,
                    "min": 0.3976249136030674,
                    "resp_chars": 378
                },
                "grep": {
                    "p50": 0.6958330050110817,
                    "p90": 0.7445996627211571,
                    "p95": 0.7652828469872475,
                    "min": 0.6708749569952488,
                    "resp_chars": 27
                }
            }
        },
        {
            "corpus": "ripgrep",
            "lang": "Rust",
            "loc": 39070,
            "files_tokei": 102,
            "index_files": 100,
            "symbols": 4094,
            "index_wall_s": {
                "median": 0.22,
                "min": 0.22,
                "max": 0.24
            },
            "peak_rss_mb": 63.1,
            "index_size_mb": 0.72,
            "throughput_loc_per_s": 177590,
            "throughput_files_per_s": 454,
            "tools_ms": {
                "overview": {
                    "p50": 1.7820000648498535,
                    "p90": 1.8982588313519955,
                    "p95": 1.9612419418990612,
                    "min": 1.7573339864611626,
                    "resp_chars": 138126
                },
                "search": {
                    "p50": 6.940958090126514,
                    "p90": 7.219774927943945,
                    "p95": 7.355858664959669,
                    "min": 6.714500021189451,
                    "resp_chars": 3712
                },
                "read": {
                    "p50": 0.0755838118493557,
                    "p90": 0.08682487532496452,
                    "p95": 0.09417524561285973,
                    "min": 0.07141707465052605,
                    "resp_chars": 4016
                },
                "find": {
                    "p50": 1.2282077223062515,
                    "p90": 1.3095581904053688,
                    "p95": 1.3652581721544266,
                    "min": 1.1688340455293655,
                    "resp_chars": 2806
                },
                "grep": {
                    "p50": 2.561332657933235,
                    "p90": 2.6381833478808403,
                    "p95": 2.703799493610859,
                    "min": 2.5074579752981663,
                    "resp_chars": 216
                }
            }
        },
        {
            "corpus": "scrapy",
            "lang": "Python",
            "loc": 63513,
            "files_tokei": 439,
            "index_files": 439,
            "symbols": 15398,
            "index_wall_s": {
                "median": 0.35,
                "min": 0.35,
                "max": 0.41
            },
            "peak_rss_mb": 62.4,
            "index_size_mb": 1.24,
            "throughput_loc_per_s": 181465,
            "throughput_files_per_s": 1254,
            "tools_ms": {
                "overview": {
                    "p50": 4.519624635577202,
                    "p90": 4.8753089271485806,
                    "p95": 4.938391875475645,
                    "min": 4.316917154937983,
                    "resp_chars": 577618
                },
                "search": {
                    "p50": 12.950750067830086,
                    "p90": 13.514433056116104,
                    "p95": 13.656499423086643,
                    "min": 12.574125081300735,
                    "resp_chars": 24290
                },
                "read": {
                    "p50": 0.04849955439567566,
                    "p90": 0.061049871146678925,
                    "p95": 0.0623997300863266,
                    "min": 0.03425031900405884,
                    "resp_chars": null
                },
                "find": {
                    "p50": 1.9977502524852753,
                    "p90": 2.16309130191803,
                    "p95": 2.3705417290329933,
                    "min": 1.9003339111804962,
                    "resp_chars": 3146
                },
                "grep": {
                    "p50": 5.521290935575962,
                    "p90": 5.669016670435667,
                    "p95": 5.709533486515284,
                    "min": 5.325125064700842,
                    "resp_chars": 2267
                }
            }
        },
        {
            "corpus": "vue-core",
            "lang": "TypeScript",
            "loc": 128285,
            "files_tokei": 519,
            "index_files": 517,
            "symbols": 19536,
            "index_wall_s": {
                "median": 0.63,
                "min": 0.62,
                "max": 0.69
            },
            "peak_rss_mb": 69.2,
            "index_size_mb": 1.43,
            "throughput_loc_per_s": 203626,
            "throughput_files_per_s": 820,
            "tools_ms": {
                "overview": {
                    "p50": 6.321083754301071,
                    "p90": 6.716008670628071,
                    "p95": 6.871542148292065,
                    "min": 5.983790848404169,
                    "resp_chars": 761143
                },
                "search": {
                    "p50": 13.563083950430155,
                    "p90": 14.045592118054628,
                    "p95": 14.080008585005999,
                    "min": 13.02454061806202,
                    "resp_chars": 17144
                },
                "read": {
                    "p50": 0.09062513709068298,
                    "p90": 0.10786671191453934,
                    "p95": 0.11071637272834778,
                    "min": 0.08208304643630981,
                    "resp_chars": 5896
                },
                "find": {
                    "p50": 2.3283748887479305,
                    "p90": 2.3939919658005238,
                    "p95": 2.4050085805356503,
                    "min": 2.1990002132952213,
                    "resp_chars": 5106
                },
                "grep": {
                    "p50": 6.798041053116322,
                    "p90": 7.5322916731238365,
                    "p95": 7.787841930985451,
                    "min": 6.31524994969368,
                    "resp_chars": 8806
                }
            }
        }
    ]
}
